Produit;Lien fournisseur;Lien preuve US;E1 Stock UE (oui/non);E2 Petit colis;E3 Prix >= 3x cout;E4 Pas de marque;E5 Non reglemente;E6 Conformite UE;C1 Effet waouh (x4);C2 Probleme resolu (x3);C3 Emotion/cadeau (x3);C4 Marge/prix (x3);C5 Preuve US (x3);C6 Ecart US-FR (x2);C7 Fournisseur (x1);C8 Risque SAV faible (x1);SCORE /100;Prix vente TTC;Cout rendu;Marge avant pub;ROAS rentabilite (= prix / marge);Notes
;;;;;;;;;;;;;;;;;=J2*4+K2*3+L2*3+M2*3+N2*3+O2*2+P2+Q2;;;=S2-T2-S2*153/1000-25/100;;
;;;;;;;;;;;;;;;;;=J3*4+K3*3+L3*3+M3*3+N3*3+O3*2+P3+Q3;;;=S3-T3-S3*153/1000-25/100;;
;;;;;;;;;;;;;;;;;=J4*4+K4*3+L4*3+M4*3+N4*3+O4*2+P4+Q4;;;=S4-T4-S4*153/1000-25/100;;
;;;;;;;;;;;;;;;;;=J5*4+K5*3+L5*3+M5*3+N5*3+O5*2+P5+Q5;;;=S5-T5-S5*153/1000-25/100;;
;;;;;;;;;;;;;;;;;=J6*4+K6*3+L6*3+M6*3+N6*3+O6*2+P6+Q6;;;=S6-T6-S6*153/1000-25/100;;
;;;;;;;;;;;;;;;;;=J7*4+K7*3+L7*3+M7*3+N7*3+O7*2+P7+Q7;;;=S7-T7-S7*153/1000-25/100;;
;;;;;;;;;;;;;;;;;=J8*4+K8*3+L8*3+M8*3+N8*3+O8*2+P8+Q8;;;=S8-T8-S8*153/1000-25/100;;
;;;;;;;;;;;;;;;;;=J9*4+K9*3+L9*3+M9*3+N9*3+O9*2+P9+Q9;;;=S9-T9-S9*153/1000-25/100;;
;;;;;;;;;;;;;;;;;=J10*4+K10*3+L10*3+M10*3+N10*3+O10*2+P10+Q10;;;=S10-T10-S10*153/1000-25/100;;
;;;;;;;;;;;;;;;;;=J11*4+K11*3+L11*3+M11*3+N11*3+O11*2+P11+Q11;;;=S11-T11-S11*153/1000-25/100;;
;;;;;;;;;;;;;;;;;=J12*4+K12*3+L12*3+M12*3+N12*3+O12*2+P12+Q12;;;=S12-T12-S12*153/1000-25/100;;
;;;;;;;;;;;;;;;;;=J13*4+K13*3+L13*3+M13*3+N13*3+O13*2+P13+Q13;;;=S13-T13-S13*153/1000-25/100;;
;;;;;;;;;;;;;;;;;=J14*4+K14*3+L14*3+M14*3+N14*3+O14*2+P14+Q14;;;=S14-T14-S14*153/1000-25/100;;
;;;;;;;;;;;;;;;;;=J15*4+K15*3+L15*3+M15*3+N15*3+O15*2+P15+Q15;;;=S15-T15-S15*153/1000-25/100;;
;;;;;;;;;;;;;;;;;=J16*4+K16*3+L16*3+M16*3+N16*3+O16*2+P16+Q16;;;=S16-T16-S16*153/1000-25/100;;
;;;;;;;;;;;;;;;;;=J17*4+K17*3+L17*3+M17*3+N17*3+O17*2+P17+Q17;;;=S17-T17-S17*153/1000-25/100;;
;;;;;;;;;;;;;;;;;=J18*4+K18*3+L18*3+M18*3+N18*3+O18*2+P18+Q18;;;=S18-T18-S18*153/1000-25/100;;
;;;;;;;;;;;;;;;;;=J19*4+K19*3+L19*3+M19*3+N19*3+O19*2+P19+Q19;;;=S19-T19-S19*153/1000-25/100;;
;;;;;;;;;;;;;;;;;=J20*4+K20*3+L20*3+M20*3+N20*3+O20*2+P20+Q20;;;=S20-T20-S20*153/1000-25/100;;
;;;;;;;;;;;;;;;;;=J21*4+K21*3+L21*3+M21*3+N21*3+O21*2+P21+Q21;;;=S21-T21-S21*153/1000-25/100;;
;;;;;;;;;;;;;;;;;=J22*4+K22*3+L22*3+M22*3+N22*3+O22*2+P22+Q22;;;=S22-T22-S22*153/1000-25/100;;
;;;;;;;;;;;;;;;;;=J23*4+K23*3+L23*3+M23*3+N23*3+O23*2+P23+Q23;;;=S23-T23-S23*153/1000-25/100;;
;;;;;;;;;;;;;;;;;=J24*4+K24*3+L24*3+M24*3+N24*3+O24*2+P24+Q24;;;=S24-T24-S24*153/1000-25/100;;
;;;;;;;;;;;;;;;;;=J25*4+K25*3+L25*3+M25*3+N25*3+O25*2+P25+Q25;;;=S25-T25-S25*153/1000-25/100;;
;;;;;;;;;;;;;;;;;=J26*4+K26*3+L26*3+M26*3+N26*3+O26*2+P26+Q26;;;=S26-T26-S26*153/1000-25/100;;
;;;;;;;;;;;;;;;;;=J27*4+K27*3+L27*3+M27*3+N27*3+O27*2+P27+Q27;;;=S27-T27-S27*153/1000-25/100;;
;;;;;;;;;;;;;;;;;=J28*4+K28*3+L28*3+M28*3+N28*3+O28*2+P28+Q28;;;=S28-T28-S28*153/1000-25/100;;
;;;;;;;;;;;;;;;;;=J29*4+K29*3+L29*3+M29*3+N29*3+O29*2+P29+Q29;;;=S29-T29-S29*153/1000-25/100;;
;;;;;;;;;;;;;;;;;=J30*4+K30*3+L30*3+M30*3+N30*3+O30*2+P30+Q30;;;=S30-T30-S30*153/1000-25/100;;
;;;;;;;;;;;;;;;;;=J31*4+K31*3+L31*3+M31*3+N31*3+O31*2+P31+Q31;;;=S31-T31-S31*153/1000-25/100;;
